Datetime,Water Level (m)
2026-04-15 12:00:00,0.06987717
2026-04-15 13:00:00,-0.09575079
2026-04-15 14:00:00,-0.24908161
2026-04-15 15:00:00,-0.34644362
2026-04-15 16:00:00,-0.24706975
2026-04-15 17:00:00,-0.03476643
2026-04-15 18:00:00,0.20531386
2026-04-15 19:00:00,0.4457616
2026-04-15 20:00:00,0.6215658
2026-04-15 21:00:00,0.6292611
2026-04-15 22:00:00,0.47359154
2026-04-15 23:00:00,0.29056692
2026-04-16 00:00:00,0.10812107
2026-04-16 01:00:00,-0.073057175
2026-04-16 02:00:00,-0.2408929
2026-04-16 03:00:00,-0.37910825
2026-04-16 04:00:00,-0.3782812
2026-04-16 05:00:00,-0.17524308
2026-04-16 06:00:00,0.08110024
2026-04-16 07:00:00,0.3514401
2026-04-16 08:00:00,0.59459525
2026-04-16 09:00:00,0.7031941
2026-04-16 10:00:00,0.60834235
2026-04-16 11:00:00,0.43341038
2026-04-16 12:00:00,0.24691612
2026-04-16 13:00:00,0.060497563
2026-04-16 14:00:00,-0.11775621
2026-04-16 15:00:00,-0.27842242
2026-04-16 16:00:00,-0.34809953
2026-04-16 17:00:00,-0.18296386
2026-04-16 18:00:00,0.06652023
2026-04-16 19:00:00,0.3294928
2026-04-16 20:00:00,0.57480353
2026-04-16 21:00:00,0.68480366
2026-04-16 22:00:00,0.58177674
2026-04-16 23:00:00,0.40067625
2026-04-17 00:00:00,0.21352468
2026-04-17 01:00:00,0.027872697
2026-04-17 02:00:00,-0.15131494
2026-04-17 03:00:00,-0.31518102
2026-04-17 04:00:00,-0.4319699
2026-04-17 05:00:00,-0.353001
2026-04-17 06:00:00,-0.11274172
2026-04-17 07:00:00,0.16873124
2026-04-17 08:00:00,0.46709087
2026-04-17 09:00:00,0.70309603
2026-04-17 10:00:00,0.75573254
2026-04-17 11:00:00,0.61097896
2026-04-17 12:00:00,0.41972646
2026-04-17 13:00:00,0.22389561
2026-04-17 14:00:00,0.03404954
2026-04-17 15:00:00,-0.1439169
2026-04-17 16:00:00,-0.2954691
2026-04-17 17:00:00,-0.31014892
2026-04-17 18:00:00,-0.101793475
2026-04-17 19:00:00,0.16437441
2026-04-17 20:00:00,0.4404841
2026-04-17 21:00:00,0.6615836
2026-04-17 22:00:00,0.7002318
2026-04-17 23:00:00,0.54740614
2026-04-18 00:00:00,0.35893968
2026-04-18 01:00:00,0.1690393
2026-04-18 02:00:00,-0.018447025
2026-04-18 03:00:00,-0.19591022
2026-04-18 04:00:00,-0.3536248
2026-04-18 05:00:00,-0.4331256
2026-04-18 06:00:00,-0.27718374
2026-04-18 07:00:00,-0.005677919
2026-04-18 08:00:00,0.30082592
2026-04-18 09:00:00,0.6107978
2026-04-18 10:00:00,0.8089201
2026-04-18 11:00:00,0.7845996
2026-04-18 12:00:00,0.6029603
2026-04-18 13:00:00,0.40345028
2026-04-18 14:00:00,0.20184651
2026-04-18 15:00:00,0.009768285
2026-04-18 16:00:00,-0.16647802
2026-04-18 17:00:00,-0.29821852
2026-04-18 18:00:00,-0.23272322
2026-04-18 19:00:00,0.0019361218
2026-04-18 20:00:00,0.26766384
2026-04-18 21:00:00,0.5364421
2026-04-18 22:00:00,0.7209528
2026-04-18 23:00:00,0.6923215
2026-04-19 00:00:00,0.51684684
2026-04-19 01:00:00,0.32700926
2026-04-19 02:00:00,0.14012355
2026-04-19 03:00:00,-0.043629743
2026-04-19 04:00:00,-0.21189426
2026-04-19 05:00:00,-0.3522709
2026-04-19 06:00:00,-0.33494163
2026-04-19 07:00:00,-0.102757
2026-04-19 08:00:00,0.19085574
2026-04-19 09:00:00,0.5130415
2026-04-19 10:00:00,0.796953
2026-04-19 11:00:00,0.92466193
2026-04-19 12:00:00,0.8201461
2026-04-19 13:00:00,0.6195165
2026-04-19 14:00:00,0.416581
2026-04-19 15:00:00,0.21225569
2026-04-19 16:00:00,0.021994453
2026-04-19 17:00:00,-0.14627784
2026-04-19 18:00:00,-0.23810111
2026-04-19 19:00:00,-0.08993315
2026-04-19 20:00:00,0.15795547
2026-04-19 21:00:00,0.42056596
2026-04-19 22:00:00,0.65673435
2026-04-19 23:00:00,0.75109076
2026-04-20 00:00:00,0.63399696
2026-04-20 01:00:00,0.45152763
2026-04-20 02:00:00,0.26623592
2026-04-20 03:00:00,0.08439896
2026-04-20 04:00:00,-0.08934057
2026-04-20 05:00:00,-0.24605249
2026-04-20 06:00:00,-0.33907467
2026-04-20 07:00:00,-0.202379
2026-04-20 08:00:00,0.059111945
2026-04-20 09:00:00,0.35780177
2026-04-20 10:00:00,0.6705471
2026-04-20 11:00:00,0.90536416
2026-04-20 12:00:00,0.9449585
2026-04-20 13:00:00,0.78305894
2026-04-20 14:00:00,0.58179903
2026-04-20 15:00:00,0.38001683
2026-04-20 16:00:00,0.18287298
2026-04-20 17:00:00,0.0023272492
2026-04-20 18:00:00,-0.14441325
2026-04-20 19:00:00,-0.15422155
2026-04-20 20:00:00,0.037575312
2026-04-20 21:00:00,0.27598792
2026-04-20 22:00:00,0.511724
2026-04-20 23:00:00,0.6913486
2026-04-21 00:00:00,0.6975847
2026-04-21 01:00:00,0.5463366
2026-04-21 02:00:00,0.37253985
2026-04-21 03:00:00,0.19563743
2026-04-21 04:00:00,0.023177871
2026-04-21 05:00:00,-0.13773121
2026-04-21 06:00:00,-0.2705669
2026-04-21 07:00:00,-0.27179486
2026-04-21 08:00:00,-0.07190805
2026-04-21 09:00:00,0.18984172
2026-04-21 10:00:00,0.47597414
2026-04-21 11:00:00,0.7500191
2026-04-21 12:00:00,0.9175334
